stage,target_epochs,hidden_sizes,activation,dropout,rmse,mse,mae,parameters,best_epoch,status,feasible
1,100,"(16, 48, 32)",relu,0.2,52.80260632180006,2788.115234375,45.4807243347168,3153,100,cold,True
1,100,"(48, 8, 16)",elu,0.2,89.42917392236998,7997.5771484375,79.97469329833984,2761,100,cold,True
1,100,"(48, 16)",elu,0.0,82.2822054160254,6770.361328125,73.35964965820312,3009,100,cold,True
1,100,"(24, 32, 12)",silu,0.2,83.17740946502542,6918.4814453125,73.7311782836914,2313,100,cold,True
1,100,"(8, 16, 4)",relu,0.1,94.04594434869321,8844.6396484375,84.2295913696289,585,100,cold,True
1,100,"(64, 12)",elu,0.05,85.61294680219955,7329.57666015625,76.76559448242188,3737,100,cold,True
1,100,"(16,)",elu,0.1,94.71422890067785,8970.78515625,85.2110595703125,753,100,cold,True
1,100,"(12, 48)",elu,0.05,89.68810158770366,8043.95556640625,80.20282745361328,1225,100,cold,True
1,100,"(8, 8)",silu,0.1,95.44756311550076,9110.2373046875,85.49004364013672,449,100,cold,True
1,100,"(32, 16)",relu,0.0,84.99116452240786,7223.498046875,75.44699096679688,2017,100,cold,True
1,100,"(16, 24)",elu,0.1,87.58716361698642,7671.51123046875,78.58567810058594,1169,100,cold,True
1,100,"(12, 4)",relu,0.05,96.16410534211816,9247.53515625,86.71446228027344,609,100,cold,True
1,100,"(12, 4, 12)",elu,0.1,94.09521337287832,8853.9091796875,84.48280334472656,677,100,cold,True
1,100,"(32, 32)",silu,0.05,84.56030866063138,7150.44580078125,75.0240478515625,2561,100,cold,True
1,100,"(8,)",relu,0.1,95.75176952509807,9168.4013671875,86.10936737060547,377,100,cold,True
1,100,"(32,)",elu,0.1,93.27465428942902,8700.1611328125,83.80570983886719,1505,100,cold,True
1,100,"(8,)",silu,0.1,95.61792253220628,9142.787109375,86.11412811279297,377,100,cold,True
1,100,"(64, 32)",elu,0.05,64.38355146478602,4145.24169921875,56.2921142578125,5057,100,cold,True
1,100,"(48,)",elu,0.1,92.17014137418636,8495.3349609375,82.99081420898438,2257,100,cold,True
1,100,"(48, 32)",relu,0.1,74.9966665925893,5624.5,66.22748565673828,3809,100,cold,True
1,100,"(32, 8)",relu,0.05,92.23368546455791,8507.052734375,82.11386108398438,1745,100,cold,True
1,100,"(8, 8)",relu,0.2,94.85830819075628,8998.0986328125,85.16603088378906,449,100,cold,True
1,100,"(12, 24)",silu,0.05,94.26362426394924,8885.630859375,84.40977478027344,889,100,cold,True
1,100,"(8, 16, 16)",silu,0.1,93.49166490254626,8740.69140625,84.2215347290039,801,100,cold,True
1,100,"(12, 12)",elu,0.0,91.68877810970108,8406.83203125,82.56900024414062,721,100,cold,True
1,100,"(48, 8, 24)",relu,0.1,86.22367691613192,7434.5224609375,76.55570220947266,2841,100,cold,True
1,100,"(32, 32)",relu,0.2,79.74590690417126,6359.40966796875,70.45559692382812,2561,100,cold,True
1,100,"(4,)",silu,0.1,95.33657482834172,9089.0625,85.88905334472656,189,100,cold,True
1,100,"(64, 12)",elu,0.2,85.84345706630035,7369.09912109375,76.98348236083984,3737,100,cold,True
1,100,"(4,)",elu,0.1,95.0913879923545,9042.3720703125,85.66616821289062,189,100,cold,True
1,100,"(48, 24, 12)",silu,0.1,84.91112656220326,7209.8994140625,75.30196380615234,3697,100,cold,True
1,100,"(8, 32)",silu,0.05,93.30000334941045,8704.890625,83.11602020263672,689,100,cold,True
1,100,"(48,)",elu,0.2,91.4341410439093,8360.2021484375,82.2955093383789,2257,100,cold,True
1,100,"(12,)",elu,0.0,95.86343333911267,9189.7978515625,86.06566619873047,565,100,cold,True
1,100,"(12,)",relu,0.1,94.95126731151355,9015.7431640625,85.31775665283203,565,100,cold,True
1,100,"(24, 8)",elu,0.1,90.6498834372527,8217.4013671875,81.48213958740234,1313,100,cold,True
1,100,"(8,)",elu,0.05,94.83407590694918,8993.501953125,85.10589599609375,377,100,cold,True
1,100,"(64, 12)",relu,0.1,74.29231551466982,5519.34814453125,65.71033477783203,3737,100,cold,True
1,100,"(4, 8)",silu,0.05,95.56350657579755,9132.3837890625,86.06358337402344,233,100,cold,True
1,100,"(48, 16, 32)",relu,0.0,66.39937096722943,4408.87646484375,58.22631072998047,3569,100,cold,True
1,100,"(48, 12, 24)",elu,0.2,79.49540265303868,6319.51904296875,70.47172546386719,3133,100,cold,True
1,100,"(16, 16)",elu,0.2,91.33807286497509,8342.6435546875,82.20016479492188,1025,100,cold,True
1,100,"(12, 12)",silu,0.0,94.98992545264997,9023.0859375,85.1178207397461,721,100,cold,True
1,100,"(24,)",elu,0.0,93.92552838718822,8822.0048828125,84.45108032226562,1129,100,cold,True
1,100,"(8, 12, 8)",relu,0.0,95.67655370929442,9154.0029296875,86.10688018798828,589,100,cold,True
1,100,"(8, 4)",elu,0.05,95.26659242784167,9075.7236328125,85.73211669921875,409,100,cold,True
1,100,"(24, 48)",relu,0.05,80.39150114925862,6462.79345703125,71.12538146972656,2353,100,cold,True
1,100,"(12,)",relu,0.05,94.67102269999252,8962.6025390625,84.92158508300781,565,100,cold,True
1,100,"(8, 48)",silu,0.0,93.83537258644792,8805.0771484375,83.93987274169922,849,100,cold,True
1,100,"(48, 64, 48)",silu,0.1,27.277515763187406,744.0628662109375,18.708467483520508,8513,100,cold,True
1,100,"(8, 24, 24)",silu,0.05,89.69866546352571,8045.8505859375,80.11868286132812,1209,100,cold,True
1,100,"(24, 12)",elu,0.05,91.52399467660106,8376.6416015625,82.08160400390625,1417,100,cold,True
1,100,"(12, 12)",elu,0.1,91.85663613241289,8437.6416015625,82.92071533203125,721,100,cold,True
1,100,"(64, 48)",elu,0.1,55.14868485654259,3041.37744140625,47.756046295166016,6113,100,cold,True
1,100,"(32, 48, 24)",elu,0.05,58.952460322916124,3475.392578125,51.218318939208984,4257,100,cold,True
1,100,"(8, 32)",relu,0.1,91.49552798156311,8371.431640625,81.25922393798828,689,100,cold,True
1,100,"(32,)",relu,0.2,93.86136094328167,8809.955078125,83.86029052734375,1505,100,cold,True
1,100,"(24, 32, 48)",silu,0.05,55.92316287983339,3127.400146484375,47.13384246826172,3537,100,cold,True
1,100,"(8, 24)",elu,0.1,91.55902830449054,8383.0556640625,82.04481506347656,609,100,cold,True
1,100,"(24, 32)",elu,0.1,88.91320546166779,7905.55810546875,79.56967163085938,1937,100,cold,True
1,100,"(8, 8, 8)",elu,0.05,94.39790181559917,8910.9638671875,84.92096710205078,521,100,cold,True
1,100,"(32, 12, 48)",silu,0.05,79.24822553218463,6280.28125,70.11593627929688,2541,100,cold,True
1,100,"(12, 8)",silu,0.05,95.0332332907152,9031.3154296875,85.29108428955078,665,100,cold,True
1,100,"(32, 24)",silu,0.05,87.57737928986714,7669.79736328125,78.15753936767578,2289,100,cold,True
1,100,"(64, 32)",relu,0.2,63.313097695846075,4008.54833984375,55.06294250488281,5057,100,cold,True
1,100,"(8, 24)",relu,0.05,93.42444515824003,8728.126953125,83.58203887939453,609,100,cold,True
1,100,"(12, 16, 16)",elu,0.2,89.32554630482956,7979.05322265625,79.89903259277344,1049,100,cold,True
1,100,"(8, 64, 48)",elu,0.2,43.42729337145377,1885.9298095703125,35.673500061035156,4113,100,cold,True
1,100,"(64,)",relu,0.2,90.4823095408365,8187.04833984375,80.72373962402344,3009,100,cold,True
1,100,"(12,)",relu,0.2,95.19806655074461,9062.671875,85.52759552001953,565,100,cold,True
1,100,"(4, 4)",elu,0.1,96.20055040610474,9254.5458984375,86.7249755859375,209,100,cold,True
1,100,"(48,)",silu,0.1,92.77241348119063,8606.720703125,82.76142883300781,2257,100,cold,True
1,100,"(48, 4)",relu,0.1,90.69109120215447,8224.8740234375,80.91201782226562,2409,100,cold,True
1,100,"(24, 48)",elu,0.05,83.85522773655796,7031.69921875,74.59239959716797,2353,100,cold,True
1,100,"(32, 64)",relu,0.1,71.50710874844891,5113.2666015625,62.906497955322266,3649,100,cold,True
1,100,"(48,)",relu,0.05,92.0558487923228,8474.279296875,82.2012939453125,2257,100,cold,True
1,100,"(16, 32, 24)",elu,0.0,79.94597174615804,6391.3583984375,71.27796936035156,2097,100,cold,True
1,100,"(12, 24, 32)",elu,0.2,79.84913448086805,6375.88427734375,71.14518737792969,1697,100,cold,True
1,100,"(24,)",relu,0.0,94.62372026875714,8953.6484375,84.67561340332031,1129,100,cold,True
1,100,"(12, 16)",elu,0.05,93.5813587373308,8757.470703125,84.08195495605469,777,100,cold,True
1,100,"(12, 24)",relu,0.05,92.83042756149516,8617.48828125,82.704833984375,889,100,cold,True
1,100,"(12, 24)",elu,0.1,90.33870456769208,8161.08154296875,81.3197250366211,889,100,cold,True
1,100,"(12, 48)",elu,0.1,88.45187327987323,7823.73388671875,79.22274780273438,1225,100,cold,True
1,100,"(24, 32)",silu,0.1,86.8337385152295,7540.09814453125,77.15316772460938,1937,100,cold,True
1,100,"(48, 12)",elu,0.0,87.67483091835706,7686.8759765625,78.39726257324219,2809,100,cold,True
1,100,"(48,)",elu,0.05,91.02205047061399,8285.013671875,81.88565826416016,2257,100,cold,True
1,100,"(32, 4)",silu,0.05,95.4717777752279,9114.8603515625,85.90867614746094,1609,100,cold,True
1,100,"(24,)",silu,0.2,93.9654607422323,8829.5078125,84.36461639404297,1129,100,cold,True
1,100,"(12, 32, 32)",elu,0.1,71.47452288665521,5108.607421875,62.85506057739258,2057,100,cold,True
1,100,"(8,)",relu,0.2,95.35168251989579,9091.943359375,85.69461822509766,377,100,cold,True
1,100,"(24, 48, 64)",relu,0.05,27.278355955102597,744.1087036132812,19.6699161529541,5505,100,cold,True
1,100,"(8, 32)",elu,0.0,92.67699493738994,8589.025390625,83.17992401123047,689,100,cold,True
1,100,"(48,)",relu,0.1,93.15345622278328,8677.56640625,83.23109436035156,2257,100,cold,True
1,100,"(16, 8)",silu,0.1,94.04326526757511,8844.1357421875,84.23918914794922,881,100,cold,True
1,100,"(32, 32)",elu,0.1,85.33680972329584,7282.37109375,76.14139556884766,2561,100,cold,True
1,100,"(48, 16)",silu,0.1,86.79342505519931,7533.0986328125,76.9085922241211,3009,100,cold,True
1,100,"(24, 48, 12)",elu,0.1,85.03882385416675,7231.6015625,75.5678482055664,2905,100,cold,True
1,100,"(16,)",relu,0.05,95.12044687690707,9047.8994140625,85.0912094116211,753,100,cold,True
1,100,"(4,)",elu,0.05,95.68068231753993,9154.79296875,86.04627227783203,189,100,cold,True
1,100,"(12,)",silu,0.1,95.08268400121548,9040.716796875,85.0782470703125,565,100,cold,True
2,200,"(16, 48, 32)",relu,0.2,22.51916298213625,507.1127014160156,15.995094299316406,3153,200,warm,True
2,200,"(12, 24, 48)",elu,0.1,21.318096600676647,454.46124267578125,15.44876766204834,2113,200,cold,True
2,200,"(8, 16)",silu,0.2,80.98158789579888,6558.017578125,71.35023498535156,529,200,cold,True
2,200,"(12, 16)",elu,0.1,72.02690469539837,5187.875,63.515464782714844,777,200,cold,True
2,200,"(12,)",elu,0.2,91.63922766411227,8397.748046875,81.78829193115234,565,200,cold,True
2,200,"(48, 24)",elu,0.05,32.30427089362566,1043.56591796875,22.413061141967773,3409,200,cold,True
2,200,"(12, 16, 48)",elu,0.1,23.577059752692474,555.8777465820312,17.089502334594727,1625,200,cold,True
2,200,"(16, 32)",elu,0.1,35.55494585574119,1264.1541748046875,25.251569747924805,1313,200,cold,True
2,200,"(8, 16, 12)",silu,0.2,48.884385088377144,2389.68310546875,40.541107177734375,729,200,cold,True
2,200,"(4, 16, 8)",elu,0.2,56.5900959960641,3202.43896484375,48.49211120605469,409,200,cold,True
2,200,"(8, 16)",elu,0.1,79.72465432858583,6356.0205078125,70.242431640625,529,200,cold,True
2,200,"(24, 24)",relu,0.1,30.11270435179986,906.7749633789062,21.454952239990234,1729,200,cold,True
2,200,"(12, 24)",elu,0.05,55.14713318775623,3041.206298828125,45.866790771484375,889,200,cold,True
2,200,"(4, 16, 48)",relu,0.1,29.642605857637584,878.68408203125,21.725723266601562,1129,200,cold,True
2,200,"(24, 32, 64)",relu,0.1,18.67589849432451,348.7891845703125,13.085585594177246,4081,200,cold,True
2,200,"(24, 32, 48)",elu,0.05,16.64439052906367,277.0357360839844,11.728184700012207,3537,200,cold,True
2,200,"(64, 32)",elu,0.05,33.46174281805828,1119.688232421875,23.266321182250977,5057,200,warm,True
2,200,"(12, 24)",elu,0.1,45.73297903147957,2091.50537109375,36.255027770996094,889,200,warm,True
2,200,"(48, 24)",elu,0.1,28.63017446067064,819.6868896484375,20.188709259033203,3409,200,cold,True
2,200,"(12, 64)",elu,0.05,40.62242179318892,1650.18115234375,28.816186904907227,1449,200,cold,True
2,200,"(4, 16)",elu,0.05,90.46807534290757,8184.47265625,80.74886322021484,281,200,cold,True
2,200,"(8, 16, 64)",elu,0.2,20.49176083119483,419.9122619628906,14.680340766906738,1665,200,cold,True
2,200,"(8, 12, 48)",elu,0.1,31.770702911276018,1009.3775634765625,22.402040481567383,1149,200,cold,True
2,200,"(16, 32)",relu,0.05,31.06414655469992,964.981201171875,22.360401153564453,1313,200,cold,True
2,200,"(32, 32)",elu,0.05,33.95228729408374,1152.7578125,23.85063934326172,2561,200,cold,True
2,200,"(48, 32)",elu,0.05,27.73999722943502,769.5074462890625,20.11893081665039,3809,200,cold,True
2,200,"(16, 32)",relu,0.1,37.01856982270858,1370.37451171875,27.55742073059082,1313,200,cold,True
2,200,"(4,)",silu,0.2,92.36266198050487,8530.861328125,83.19491577148438,189,200,cold,True
2,200,"(4, 24)",elu,0.05,77.160363397845,5953.7216796875,68.23025512695312,329,200,cold,True
2,200,"(24, 24)",elu,0.1,32.95528642449209,1086.0509033203125,23.473230361938477,1729,200,cold,True
2,200,"(64, 48)",elu,0.1,21.36852500955516,456.6138610839844,15.419182777404785,6113,200,warm,True
2,200,"(12, 12, 48)",relu,0.05,24.67273960446719,608.7440795898438,17.83384895324707,1381,200,cold,True
2,200,"(32, 24, 48)",relu,0.05,19.409011226666724,376.709716796875,13.524566650390625,3513,200,cold,True
2,200,"(24, 24)",elu,0.05,65.3316920067799,4268.22998046875,57.31764602661133,1729,200,cold,True
2,200,"(16, 32, 24)",relu,0.1,22.379977732793044,500.8634033203125,15.949756622314453,2097,200,cold,True
2,200,"(8, 16, 64)",relu,0.1,24.494141170087108,599.9629516601562,17.741867065429688,1665,200,cold,True
2,200,"(16, 32)",relu,0.2,30.152179534223766,909.1539306640625,21.62322998046875,1313,200,cold,True
2,200,"(16, 16)",elu,0.2,60.390982777077326,3647.07080078125,51.969970703125,1025,200,warm,True
2,200,"(16, 32, 64)",relu,0.2,21.53590978241342,463.79541015625,15.401989936828613,3457,200,cold,True
2,200,"(4, 16)",elu,0.1,84.94009837821004,7214.8203125,76.00650787353516,281,200,cold,True
2,200,"(12, 12)",relu,0.05,70.16926034707969,4923.72509765625,61.972564697265625,721,200,cold,True
2,200,"(16, 16)",elu,0.1,74.55304319744432,5558.15625,65.86490631103516,1025,200,cold,True
2,200,"(24, 24, 64)",relu,0.1,21.13898000921705,446.8564758300781,14.777043342590332,3369,200,cold,True
2,200,"(4, 24, 48)",silu,0.1,37.15609066145398,1380.5750732421875,26.95252227783203,1553,200,cold,True
2,200,"(48, 24, 24)",silu,0.1,21.53621657273111,463.8086242675781,15.218148231506348,4009,200,cold,True
2,200,"(12, 48, 32)",relu,0.2,22.62502427916515,511.8917236328125,16.172313690185547,2777,200,cold,True
2,200,"(32, 24, 64)",elu,0.1,18.53242002656468,343.4505920410156,13.338010787963867,3929,200,cold,True
2,200,"(32, 32)",elu,0.0,29.659356520316127,879.6774291992188,20.36324691772461,2561,200,cold,True
2,200,"(4, 12, 32)",elu,0.1,54.31001639531492,2949.577880859375,46.030479431152344,693,200,cold,True
2,200,"(24, 32)",relu,0.2,29.535865834701184,872.3673706054688,20.90172004699707,1937,200,cold,True
3,400,"(12, 16, 48)",elu,0.1,15.30815467681768,234.339599609375,11.001676559448242,1625,400,warm,True
3,400,"(4, 24)",silu,0.2,43.14628239570951,1861.6016845703125,31.36627197265625,329,400,cold,True
3,400,"(48, 24, 64)",elu,0.1,13.060605728566738,170.5794219970703,9.116753578186035,5049,400,cold,True
3,400,"(4, 12)",relu,0.1,45.4143601884704,2062.464111328125,36.73686599731445,257,400,cold,True
3,400,"(4, 12)",elu,0.2,41.07802693502939,1687.404296875,31.721111297607422,257,400,cold,True
3,400,"(16, 12, 48)",elu,0.1,15.255149597214654,232.71958923339844,11.056090354919434,1613,400,cold,True
3,400,"(4, 8)",silu,0.2,54.93883317495012,3018.275390625,45.99423599243164,233,400,cold,True
3,400,"(4, 16, 64)",relu,0.1,18.37716226117181,337.7200927734375,13.889107704162598,1417,400,cold,True
3,400,"(4, 32, 64)",relu,0.05,15.636062002196187,244.48643493652344,11.660257339477539,2521,400,cold,True
3,400,"(16, 24, 48)",relu,0.05,15.060266099582517,226.81161499023438,10.489248275756836,2393,400,cold,True
3,400,"(32, 8, 64)",relu,0.05,13.865557782756275,192.25369262695312,9.856874465942383,2377,400,cold,True
3,400,"(16, 16)",relu,0.05,21.838715722187768,476.92950439453125,15.412086486816406,1025,400,cold,True
3,400,"(8, 16, 64)",relu,0.1,16.57144050409799,274.6126403808594,12.016670227050781,1665,400,warm,True
3,400,"(4, 4, 64)",elu,0.2,24.083440056622674,580.0120849609375,18.04273223876953,589,400,cold,True
3,400,"(64, 16, 64)",relu,0.05,13.994580991195864,195.84829711914062,9.812507629394531,5137,400,cold,True
3,400,"(32, 8, 64)",relu,0.1,15.967111163764585,254.94863891601562,11.479363441467285,2377,400,cold,True
3,400,"(4, 4)",elu,0.2,80.77444966541091,6524.51171875,72.6510009765625,209,400,cold,True
3,400,"(48, 32, 48)",relu,0.2,13.880409629559749,192.665771484375,9.72175121307373,5409,400,cold,True
3,400,"(8, 16)",elu,0.2,30.514754931912652,931.1502685546875,21.03019905090332,529,400,cold,True
3,400,"(32, 4, 64)",relu,0.05,14.948827303308464,223.46743774414062,10.694293975830078,1989,400,cold,True
3,400,"(8, 4)",silu,0.2,62.51776114820792,3908.470458984375,53.000301361083984,409,400,cold,True
3,400,"(4, 12)",elu,0.1,78.39888865403323,6146.3857421875,66.93940734863281,257,400,cold,True
3,400,"(4, 16)",elu,0.2,55.04296306707266,3029.727783203125,45.470359802246094,281,400,cold,True
3,400,"(4, 32)",elu,0.05,33.31055414696857,1109.593017578125,23.9368953704834,377,400,cold,True
3,400,"(4, 8)",elu,0.2,64.41865176571534,4149.7626953125,56.62236404418945,233,400,cold,True
4,700,"(48, 24, 64)",elu,0.1,12.15902811583556,147.8419647216797,8.245227813720703,5049,700,warm,True
4,700,"(4, 16)",relu,0.0,22.088091566780957,487.8837890625,15.684150695800781,281,700,cold,True
4,700,"(12, 12, 64)",relu,0.0,12.394328118411096,153.61936950683594,8.283038139343262,1605,700,cold,True
4,700,"(4, 4)",silu,0.2,49.71654516638551,2471.73486328125,39.386688232421875,209,700,cold,True
4,700,"(24, 16, 64)",relu,0.05,12.645983490322134,159.9208984375,8.887641906738281,2657,700,cold,True
4,700,"(24, 12, 64)",relu,0.05,13.329395730015062,177.67279052734375,9.691398620605469,2301,700,cold,True
4,700,"(16, 8, 64)",relu,0.2,19.62638315562713,385.1949157714844,14.604537010192871,1513,450,cold,True
4,700,"(64, 32, 64)",elu,0.2,12.095257017094358,146.2952423095703,8.274083137512207,7201,700,cold,True
4,700,"(8, 4, 64)",relu,0.2,17.833168005251217,318.0218811035156,13.876750946044922,789,675,cold,True
4,700,"(64, 24)",elu,0.2,13.536376545820318,183.23348999023438,9.645339965820312,4529,700,cold,True
4,700,"(16, 4, 64)",elu,0.0,13.17819275941496,173.66476440429688,8.905986785888672,1189,700,cold,True
4,700,"(4, 24, 64)",elu,0.05,12.996811108846025,168.91709899902344,8.940583229064941,1969,700,cold,True
5,1000,"(4, 4)",silu,0.2,44.57319844403417,1986.77001953125,34.49470520019531,209,1000,warm,True
5,1000,"(64, 32, 64)",elu,0.0,11.800165750664863,139.24391174316406,7.180698871612549,7201,1000,cold,True
5,1000,"(48, 32)",relu,0.05,12.391056010000469,153.53826904296875,8.524243354797363,3809,1000,cold,True
5,1000,"(48, 4, 64)",relu,0.0,12.294767206384174,151.1613006591797,8.071452140808105,2789,700,cold,True
5,1000,"(32, 64)",relu,0.05,12.350525978409154,152.53549194335938,8.49651050567627,3649,1000,cold,True
5,1000,"(24, 12, 64)",relu,0.05,13.276113436856482,176.25518798828125,9.681814193725586,2301,725,warm,True
6,1500,"(4, 4)",silu,0.2,36.29169544404236,1317.087158203125,28.77382469177246,209,1500,warm,True
6,1500,"(4, 12)",silu,0.0,15.133379167887869,229.0191650390625,10.798635482788086,257,1500,cold,True
6,1500,"(48, 4, 64)",relu,0.0,12.206623118177228,149.00164794921875,7.549750328063965,2789,1500,warm,True
6,1500,"(16, 12, 64)",elu,0.05,11.751598492914566,138.10006713867188,7.76143741607666,1837,1325,cold,True
